camis,restaurant_name,borough,cuisine_description,num_inspections,avg_score,score_std_dev,score_range,critical_rate,first_inspection,last_inspection,anomaly_type
50161969,MOON MAN,Manhattan,bakery products/desserts,5,122.0,0.0,0,1.0,2025-10-15,2025-10-15,Frequent Critical Violations
50125809,XPIZZA,Manhattan,pizza,5,102.0,0.0,0,1.0,2024-03-14,2024-03-14,Frequent Critical Violations
50168946,TANING LEMON TEA FLUSHING,Queens,coffee/tea,5,99.0,0.0,0,1.0,2025-11-19,2025-11-19,Frequent Critical Violations
50071596,CONCESSION STAND 3RD FLOOR,Queens,american,6,46.833333333333336,40.79419893399877,79,1.0,2018-06-27,2019-06-27,High Score Volatility
50136280,XI JIANG QIAN HU NOODLE INC,Queens,chinese,12,40.916666666666664,22.059664273936445,49,1.0,2023-08-01,2024-12-31,High Score Volatility
50177639,DISTRICT 385,Queens,latin american,5,38.0,0.0,0,1.0,2025-10-10,2025-10-10,Frequent Critical Violations
50152572,ROSA'S PIZZA,Manhattan,pizza,8,36.0,14.813121596360823,32,1.0,2024-07-11,2024-12-04,High Score Volatility
50152440,KATANA SUSHI,Brooklyn,seafood,5,34.0,0.0,0,1.0,2025-04-03,2025-04-03,Frequent Critical Violations
50162782,BONTREE,Brooklyn,coffee/tea,6,33.5,13.47219358530748,33,1.0,2025-04-21,2025-06-26,High Score Volatility
50148825,RICEBOY,Queens,korean,6,32.666666666666664,21.02062479249051,47,1.0,2024-04-10,2024-09-03,High Score Volatility
50161452,SI CHINA COOK RESTAURANT,Staten Island,chinese,5,32.0,0.0,0,1.0,2025-04-16,2025-04-16,Frequent Critical Violations
50114831,HOME OF ASTORIA (HOA),Queens,american,12,32.0,6.768912897813194,16,1.0,2022-08-26,2023-09-14,Frequent Critical Violations
50126011,NEREA,Manhattan,mediterranean,6,31.166666666666668,11.839200423452029,29,1.0,2023-09-20,2023-12-26,High Score Volatility
50111457,THE TEN BELLS,Brooklyn,tapas,5,31.0,0.0,0,1.0,2025-11-05,2025-11-05,Frequent Critical Violations
50160975,BLUE BLOSSOM,Manhattan,chinese,7,28.0,6.831300510639733,14,1.0,2025-02-25,2025-05-01,Frequent Critical Violations
50156320,CAFE AUGUST,Manhattan,american,5,27.6,9.838699100999076,22,1.0,2025-04-22,2025-07-01,Frequent Critical Violations
40972759,GATE WAY BEER GARDEN,Brooklyn,caribbean,5,27.6,9.838699100999074,22,1.0,2022-03-08,2024-12-13,Frequent Critical Violations
50098018,FAVORITE KARAOKE LOUNGE,Queens,korean,5,27.4,12.521980673998822,28,1.0,2022-05-05,2022-10-29,High Score Volatility
50152628,ANGELINA BAKERY GRAND,Manhattan,bakery products/desserts,5,27.2,10.73312629199899,24,1.0,2024-08-15,2024-09-26,High Score Volatility
50158434,HEROES / PEARL BOX,Manhattan,new american,6,25.666666666666668,9.811557810392124,19,1.0,2024-10-22,2024-11-26,Frequent Critical Violations
50149362,WENDY TERIYAKI / SUSHI YOSHI,Queens,japanese,7,24.0,10.246950765959598,21,1.0,2024-08-15,2025-02-21,High Score Volatility
50035140,BORDEAUX STEAKHOUSE,Brooklyn,jewish/kosher,6,23.666666666666668,8.262364471909157,16,1.0,2022-11-14,2025-11-06,Frequent Critical Violations
50012857,SUSHI MAMBO,Manhattan,latin american,5,23.6,7.602631123499285,17,1.0,2022-05-26,2024-09-12,Frequent Critical Violations
50090101,HASALON,Manhattan,mediterranean,6,23.333333333333332,8.778762251403478,17,1.0,2022-12-10,2023-02-17,Frequent Critical Violations
50130830,NA TART,Queens,chinese,6,23.333333333333332,10.327955589886445,20,1.0,2023-09-26,2024-12-18,High Score Volatility
40748959,IONA,Brooklyn,american,7,22.428571428571427,6.023762469230861,17,1.0,2023-03-21,2025-05-29,Frequent Critical Violations
50167806,MANGO MANGO,Queens,fruits/vegetables,6,22.0,7.745966692414834,15,1.0,2025-07-28,2025-08-27,Frequent Critical Violations
50137626,MADE IN NEW YORK PIZZA,Manhattan,american,5,21.4,10.406728592598157,19,1.0,2023-06-26,2025-01-29,High Score Volatility
50161638,JADE GARDEN,Queens,chinese,6,21.0,2.1908902300206643,4,1.0,2025-04-09,2025-05-22,Frequent Critical Violations
50114016,BALLER CHILL SPOT,Brooklyn,american,6,20.666666666666668,8.238122763510304,18,1.0,2022-04-28,2025-01-02,Frequent Critical Violations
50160872,NEW DRAGON BAKERY,Brooklyn,chinese,5,20.6,14.432601983010548,31,1.0,2024-11-08,2025-01-15,High Score Volatility
50119381,TERIYAKI ONE,Queens,japanese,8,20.25,5.092010548749032,11,1.0,2022-11-01,2025-10-14,Frequent Critical Violations
50124043,K32 (ROOFTOP),Manhattan,american,5,19.8,4.3817804600413295,8,1.0,2023-10-17,2025-06-17,Frequent Critical Violations
50037560,SUMI SUSHI,Brooklyn,japanese,5,19.2,10.686440005914037,20,1.0,2022-06-21,2024-04-23,High Score Volatility
50047786,KARAOKE CITY,Manhattan,other,6,19.166666666666668,9.17423929634859,20,1.0,2022-08-02,2024-06-04,Frequent Critical Violations
50130598,TERIYAKI ONE,Queens,japanese,5,18.4,4.9295030175464944,9,1.0,2023-11-20,2025-05-20,Frequent Critical Violations
50072858,BETTER GOURMET HEALTH KITCHEN,Staten Island,sandwiches/salads/mixed buffet,8,18.0,6.414269805898186,12,1.0,2022-11-21,2025-10-14,Frequent Critical Violations
50154204,COFFEE PRO,Queens,coffee/tea,5,18.0,5.477225575051661,10,1.0,2024-09-03,2025-03-06,Frequent Critical Violations
50008551,SAINT VITUS,Brooklyn,american,5,17.8,4.381780460041329,8,1.0,2022-10-31,2024-01-06,Frequent Critical Violations
40365726,BARBETTA,Manhattan,italian,5,17.8,4.381780460041329,8,1.0,2022-10-26,2024-07-11,Frequent Critical Violations
41015947,MORRIS YACHT & BEACH CLUB,Bronx,american,5,17.8,4.381780460041329,8,1.0,2023-04-14,2024-07-18,Frequent Critical Violations
50127617,PEARL STREET,Brooklyn,seafood,5,17.2,6.572670690061994,12,1.0,2023-08-10,2024-10-27,Frequent Critical Violations
50139782,MIDTOWN BIKE CAFE,Manhattan,coffee/tea,5,17.2,6.572670690061994,12,1.0,2023-08-21,2025-02-21,Frequent Critical Violations
41001677,PYLOS,Manhattan,greek,5,17.2,6.572670690061994,12,1.0,2023-03-18,2024-04-11,Frequent Critical Violations
40366879,LA FUSTA RESTAURANT,Queens,latin american,7,17.0,6.782329983125268,17,1.0,2022-11-02,2024-12-26,Frequent Critical Violations
50073931,YAMADA CHIKARA NEW YORK,Manhattan,japanese,5,16.8,4.3817804600413295,8,1.0,2023-04-07,2024-02-06,Frequent Critical Violations
41610168,CHEZ MA TANTE,Brooklyn,american,5,16.8,4.3817804600413295,8,1.0,2022-10-23,2023-09-07,Frequent Critical Violations
50149169,EL GRECO,Manhattan,greek,7,16.571428571428573,4.035556254807296,9,1.0,2024-08-08,2025-04-22,Frequent Critical Violations
40393725,TRIBECA GRILL,Manhattan,american,5,15.4,2.1908902300206647,4,1.0,2023-01-13,2024-04-23,Frequent Critical Violations
50075170,168 KIM WEI KITCHEN,Brooklyn,chinese,8,15.25,6.840008354213779,18,1.0,2022-06-06,2025-06-05,Frequent Critical Violations
50093622,CITY LEAGUE COFFEE,Brooklyn,coffee/tea,6,14.666666666666666,6.623191577077222,18,1.0,2022-04-12,2025-01-10,Frequent Critical Violations
50003326,COVENHOVEN,Brooklyn,american,6,14.166666666666666,6.645800679125628,15,1.0,2022-12-12,2024-12-17,Frequent Critical Violations
50091935,CHEZ LES FRENCHIES,Manhattan,bakery products/desserts,6,13.666666666666666,2.581988897471611,5,1.0,2022-05-02,2024-12-04,Frequent Critical Violations
50087839,JOYFACE,Manhattan,bottled beverages,5,13.6,7.402702209328699,14,1.0,2022-04-26,2024-03-15,Frequent Critical Violations
50104273,LA QUINTA MANHATTAN MIDTOWN,Manhattan,continental,6,12.666666666666666,0.5163977794943222,1,1.0,2021-11-24,2024-08-02,Frequent Critical Violations
50076604,KAHLO,Manhattan,mexican,5,12.4,1.3416407864998738,3,1.0,2022-08-30,2025-07-01,Frequent Critical Violations
41034123,POLLOS MARIO,Queens,latin american,6,11.666666666666666,1.3662601021279464,3,1.0,2022-02-09,2024-07-03,Frequent Critical Violations
50014419,ROCKA ROLLA,Brooklyn,american,6,11.666666666666666,1.3662601021279464,3,1.0,2022-01-31,2024-10-29,Frequent Critical Violations
40985219,O LAVRADOR RESTAURANT,Queens,portuguese,5,11.4,2.5099800796022267,6,1.0,2022-02-10,2024-06-26,Frequent Critical Violations
50128717,MIAN KITCHEN,Manhattan,chinese,5,11.4,4.098780306383839,10,1.0,2022-11-03,2024-09-16,Frequent Critical Violations
41561546,RUDY'S BAKERY,Queens,bakery products/desserts,5,11.4,2.5099800796022267,6,1.0,2022-08-22,2025-03-26,Frequent Critical Violations
50000853,TASTY DELI,Manhattan,american,5,11.0,2.23606797749979,5,1.0,2022-09-30,2025-04-15,Frequent Critical Violations
50118836,CAFE LYRIA,Manhattan,coffee/tea,5,11.0,5.477225575051661,10,1.0,2022-10-26,2025-10-23,Frequent Critical Violations
50075523,JOYO,Queens,chinese/japanese,5,11.0,3.391164991562634,8,1.0,2022-11-16,2024-12-18,Frequent Critical Violations
50072874,AJO & OREGANO RESTAURANT,Bronx,spanish,5,11.0,3.391164991562634,8,1.0,2022-07-29,2025-07-14,Frequent Critical Violations
50060821,FOR FIVE COFFEE ROASTERS,Manhattan,coffee/tea,5,11.0,3.391164991562634,8,1.0,2022-04-08,2024-10-22,Frequent Critical Violations
50092152,CALI TAJADAS BAKERY & RESTAURANT,Brooklyn,latin american,5,11.0,3.391164991562634,8,1.0,2022-10-26,2025-02-28,Frequent Critical Violations
50072616,SIDEWALK CAFE,Manhattan,american,7,10.714285714285714,1.889822365046136,5,1.0,2023-02-10,2025-10-10,Frequent Critical Violations
50087558,YI JI SHI MO NOODLE,Manhattan,chinese,5,10.4,1.673320053068151,4,1.0,2022-04-15,2024-10-24,Frequent Critical Violations
50073616,OVEN GRILL CHILL LOUNGE,Queens,mexican,6,10.0,2.1908902300206643,6,1.0,2022-02-01,2024-03-28,Frequent Critical Violations
50004932,CONGRESS,Brooklyn,american,8,9.625,8.798335881615017,19,1.0,2022-09-08,2024-10-16,Frequent Critical Violations
50119094,ORAI RECORD BAR,Manhattan,japanese,6,3.3333333333333335,5.163977794943222,10,1.0,2022-04-21,2023-01-29,Frequent Critical Violations
50091474,CAFE AUBURNDALE,Queens,asian/asian fusion,15,24.666666666666668,10.38313651116674,29,0.9333333333333333,2022-12-29,2025-08-21,High Score Volatility
50157485,BOURKE STREET BAKERY,Manhattan,coffee/tea,13,45.53846153846154,8.742762574604063,19,0.9230769230769231,2025-02-26,2025-08-11,Frequent Critical Violations
50102461,BAJIBAJI,Manhattan,chinese,13,31.46153846153846,12.107954579637475,36,0.9230769230769231,2022-12-01,2025-04-23,High Score Volatility
50105124,THE MORGAN,Brooklyn,american,12,43.333333333333336,6.893123494842634,14,0.9166666666666666,2023-07-28,2024-10-18,Frequent Critical Violations
50131153,COUSIN RIVERS SNAIL NOODLES,Queens,chinese,12,33.25,13.444329659748751,28,0.9166666666666666,2024-04-17,2025-07-07,High Score Volatility
50012082,MADAME SOUSOU,Queens,french,12,27.0,6.687845148272553,21,0.9166666666666666,2022-12-27,2025-10-27,Frequent Critical Violations
50006741,GRACE CAFE,Manhattan,american,12,20.5,6.142253066039588,14,0.9166666666666666,2023-02-10,2025-10-23,Frequent Critical Violations
40854979,HYO DONG GAK,Manhattan,korean,12,18.833333333333332,7.209001107622122,16,0.9166666666666666,2022-11-03,2025-04-14,Frequent Critical Violations
50159714,RED CHILLI,Queens,indian,11,43.54545454545455,13.117649456847337,26,0.9090909090909091,2025-02-24,2025-03-20,High Score Volatility
50164553,SHANGHAI DUMPLINGS,Manhattan,chinese,11,41.09090909090909,15.13574937328539,30,0.9090909090909091,2025-04-24,2025-06-11,High Score Volatility
41573992,KAIA WINE BAR,Manhattan,african,11,37.45454545454545,12.234080565074242,28,0.9090909090909091,2023-04-26,2025-04-30,High Score Volatility
50135619,JJ'S ASIAN FUSION,Queens,asian/asian fusion,11,34.27272727272727,12.108599498628312,24,0.9090909090909091,2023-05-16,2024-08-12,High Score Volatility
50071298,DUE WEST,Manhattan,new american,11,33.09090909090909,8.825582648806202,30,0.9090909090909091,2023-01-13,2025-06-10,Frequent Critical Violations
50117237,Yu Ni Xiang Yue,Queens,chinese,11,32.63636363636363,17.165504520827387,35,0.9090909090909091,2022-09-19,2025-01-22,High Score Volatility
50148820,BANHMIGOS,Brooklyn,sandwiches,11,31.90909090909091,9.73092539745882,23,0.9090909090909091,2024-06-13,2024-11-04,Frequent Critical Violations
50145402,JR SUSHI,Manhattan,japanese,22,28.863636363636363,8.108170215432349,24,0.9090909090909091,2024-03-01,2025-02-24,Frequent Critical Violations
50138819,ISLAND GRILL,Manhattan,caribbean,11,21.363636363636363,10.190905036087104,33,0.9090909090909091,2023-10-03,2025-08-05,High Score Volatility
50074812,THE BISTRO AT THE COURTYARD BY MARRIOTT,Queens,american,11,19.545454545454547,6.947857747012907,20,0.9090909090909091,2022-07-26,2024-11-27,Frequent Critical Violations
50109446,SEAFOOD HIBACHI,Staten Island,chinese,11,19.09090909090909,7.063349707533182,19,0.9090909090909091,2022-11-01,2025-09-08,Frequent Critical Violations
50106341,BACAN,Brooklyn,fusion,10,45.6,17.708754896942924,42,0.9,2024-08-08,2024-09-30,High Score Volatility
50082440,EMPANADA LOCA BEER GARDEN,Brooklyn,american,10,39.3,47.19710443095706,94,0.9,2022-06-09,2024-11-19,High Score Volatility
50140490,SAILOR,Brooklyn,american,10,35.1,10.397114984456024,35,0.9,2023-08-23,2024-04-17,High Score Volatility
50144159,LAGHMAN EXPRESS,Brooklyn,asian/asian fusion,10,35.0,7.745966692414833,15,0.9,2024-09-05,2024-12-04,Frequent Critical Violations
50144653,CAFE ON 7TH,Brooklyn,american,10,34.4,14.675754760072063,38,0.9,2024-01-19,2025-04-08,High Score Volatility
50143524,PURPLE WAVES,Manhattan,american,10,26.9,10.13738953906116,29,0.9,2024-02-06,2025-04-16,High Score Volatility
50093967,CREMINI'S,Brooklyn,italian,10,26.4,12.411464234506921,25,0.9,2023-03-09,2025-05-07,High Score Volatility
50089107,VILLAGE SQUARE PIZZA,Manhattan,pizza,10,25.9,8.372574275573792,21,0.9,2022-10-25,2025-07-29,Frequent Critical Violations
50146381,FEVY'S,Queens,korean,10,25.6,11.256603000510903,25,0.9,2024-09-21,2025-07-08,High Score Volatility
50124164,DIM SUM SAM,Manhattan,chinese,10,24.5,5.082650227325635,12,0.9,2023-08-23,2025-04-28,Frequent Critical Violations
50124069,EL MEXICANO RESTAURANT & CAFE #4,Brooklyn,mexican,10,22.1,8.517302650748325,23,0.9,2023-10-30,2025-08-28,Frequent Critical Violations
50100857,MAZETE,Manhattan,japanese,10,18.9,5.952590472502988,12,0.9,2022-06-27,2025-01-15,Frequent Critical Violations
41217775,S. WAN CAFE,Manhattan,chinese,10,18.2,7.612854625930772,16,0.9,2022-07-13,2025-03-31,Frequent Critical Violations
50108541,BUBBAKOOS BURRITOS,Staten Island,mexican,10,17.7,3.9454615277134146,10,0.9,2023-03-16,2025-02-03,Frequent Critical Violations
40510439,LA ISLA,Manhattan,latin american,10,16.8,5.391351098441528,11,0.9,2022-09-22,2025-01-14,Frequent Critical Violations
50001406,RESERVE CUT,Manhattan,jewish/kosher,10,16.6,6.380525927469546,13,0.9,2022-07-26,2024-12-09,Frequent Critical Violations
50111072,NO. 1 SUPER SNACK INC. (Entrance on 41RD/Q58 bus stop),Queens,chinese,10,15.5,4.503085362035432,10,0.9,2022-10-17,2025-07-25,Frequent Critical Violations
41208272,KAWA SUSHI 8 AVENUE,Manhattan,japanese,10,15.4,4.926120853842979,11,0.9,2022-01-19,2024-12-17,Frequent Critical Violations
50015619,THE BONNIE,Queens,american,10,10.2,1.5491933384829668,3,0.9,2022-09-07,2024-12-06,Frequent Critical Violations
50132754,LE PAIN QUOTIDIEN,Manhattan,coffee/tea,9,168.0,0.0,0,0.8888888888888888,2023-07-20,2023-07-20,Frequent Critical Violations
50159691,ZAAD,Manhattan,mediterranean,9,81.0,0.0,0,0.8888888888888888,2025-09-23,2025-09-23,Frequent Critical Violations
50163158,SHANAI RESTAURANT & PARTY HALL,Queens,bangladeshi,9,47.22222222222222,19.40217628114033,44,0.8888888888888888,2025-04-22,2025-05-27,High Score Volatility
50163452,COUSIN RIVER SNAILS RICE NOODLES,Queens,chinese,9,42.333333333333336,17.19738352191984,39,0.8888888888888888,2025-05-01,2025-06-16,High Score Volatility
50080855,KING OF THE SEA,Brooklyn,seafood,9,37.22222222222222,11.464922347946558,26,0.8888888888888888,2022-10-30,2023-01-17,High Score Volatility
50146398,VERA'S,Brooklyn,american,9,31.666666666666668,5.0,10,0.8888888888888888,2024-08-15,2024-09-21,Frequent Critical Violations
50132899,YELLOW MAGNOLIA CAFE,Brooklyn,american,9,30.444444444444443,14.344956527566675,30,0.8888888888888888,2023-04-27,2025-05-14,High Score Volatility
50119792,LITTLE CHARLI,Manhattan,pizza,9,30.22222222222222,6.851601597031489,13,0.8888888888888888,2024-03-13,2025-06-10,Frequent Critical Violations
50153988,ICY MELON,Manhattan,frozen desserts,9,28.666666666666668,6.5,13,0.8888888888888888,2024-10-02,2024-11-26,Frequent Critical Violations
50124598,MILO COFFEE SHOP,Manhattan,sandwiches/salads/mixed buffet,9,27.11111111111111,12.95612253381046,26,0.8888888888888888,2023-07-12,2024-11-12,High Score Volatility
50123909,D'MORENA RESTAURANT CORP,Bronx,spanish,9,26.555555555555557,14.774226808120206,29,0.8888888888888888,2023-07-17,2024-11-07,High Score Volatility
50098531,M NOODLE SHOP,Brooklyn,chinese,9,26.444444444444443,11.424875394409245,26,0.8888888888888888,2022-05-21,2024-03-29,High Score Volatility
41681164,NUEVAS BRISAS DEL VALLE,Queens,spanish,9,24.555555555555557,12.5210933139953,28,0.8888888888888888,2023-05-04,2025-02-20,High Score Volatility
50006236,FRENCH LOUIE,Brooklyn,french,9,24.444444444444443,11.337009207801577,22,0.8888888888888888,2022-09-08,2025-06-12,High Score Volatility
50149855,FAY DA BAKERY,Queens,bakery products/desserts,9,22.0,9.486832980505138,18,0.8888888888888888,2024-08-08,2025-09-23,Frequent Critical Violations
50042664,MR. PURPLE,Manhattan,american,9,21.444444444444443,6.5404722901161945,16,0.8888888888888888,2022-07-12,2024-12-17,Frequent Critical Violations
50093016,JOJO CHICKEN/LAO JIE,Queens,chinese,9,21.444444444444443,4.876246279442596,12,0.8888888888888888,2022-08-27,2025-02-06,Frequent Critical Violations
50129428,EL MOLINO,Queens,bakery products/desserts,9,21.333333333333332,7.905694150420948,15,0.8888888888888888,2023-06-27,2025-01-09,Frequent Critical Violations
50001328,HIROHISA,Manhattan,japanese,9,20.77777777777778,5.7397251192408545,18,0.8888888888888888,2023-04-14,2025-08-13,Frequent Critical Violations
50060315,WEI WILLIAMSBURGH,Brooklyn,chinese,9,19.11111111111111,5.840471822645079,12,0.8888888888888888,2022-10-22,2025-01-17,Frequent Critical Violations
50134457,YUM YUM CHINESE FOOD,Staten Island,chinese,9,17.22222222222222,5.6740148435164,18,0.8888888888888888,2023-04-26,2025-10-23,Frequent Critical Violations
50111280,PLANTSHED COFFEE BAR,Manhattan,coffee/tea,9,17.22222222222222,10.473511562243317,23,0.8888888888888888,2022-10-24,2025-07-15,High Score Volatility
50048051,SALSA ZONE,Bronx,american,9,15.222222222222221,5.868938953886336,14,0.8888888888888888,2016-10-08,2019-06-07,Frequent Critical Violations
50117535,ALEX PIZZA & SLICE,Brooklyn,pizza,9,10.444444444444445,12.125501135119231,26,0.8888888888888888,2022-04-28,2024-11-25,High Score Volatility
50123186,PERIZIA KOSHER PIZZA,Brooklyn,jewish/kosher,17,25.529411764705884,12.515578527673139,31,0.8823529411764706,2023-01-11,2025-09-16,High Score Volatility
50156420,I SHANGHAI,Queens,other,8,67.0,0.0,0,0.875,2025-04-03,2025-04-03,Frequent Critical Violations
41614445,SKINNY'S CANTINA,Queens,mexican,8,63.625,23.68807716974934,67,0.875,2022-09-08,2023-12-20,High Score Volatility
50158583,HAINAN JONES,Brooklyn,asian/asian fusion,8,61.5,30.5520632924942,66,0.875,2024-11-29,2025-01-08,High Score Volatility
50164868,PASTA LAB,Manhattan,other,8,56.0,0.0,0,0.875,2025-07-08,2025-07-08,Frequent Critical Violations
50158094,OCTOPUS HOUSE,Queens,korean,8,54.0,0.0,0,0.875,2025-03-25,2025-03-25,Frequent Critical Violations
50144172,YUNNAN RICE NOODLE HOUSE,Queens,chinese,8,49.0,0.0,0,0.875,2024-03-06,2024-03-06,Frequent Critical Violations
50160394,ANGELINA,Manhattan,bakery products/desserts,8,47.0,0.0,0,0.875,2025-02-24,2025-02-24,Frequent Critical Violations
50152286,SHAJI BBQ,Queens,chinese,8,46.0,0.0,0,0.875,2025-10-25,2025-10-25,Frequent Critical Violations
50150107,MASTER L RICE NOODLE,Queens,chinese,8,44.625,15.202795795510772,43,0.875,2024-09-04,2024-09-23,High Score Volatility
50160663,COOK EATERY,Manhattan,fusion,8,37.75,15.2760316462471,33,0.875,2024-11-20,2025-01-31,High Score Volatility
50160915,TEAZZI,Queens,coffee/tea,8,36.75,2.49284690951645,6,0.875,2025-05-28,2025-09-17,Frequent Critical Violations
50160982,HALAL BITEZ,Manhattan,middle eastern,8,35.0,13.897584579446066,26,0.875,2025-04-17,2025-06-04,High Score Volatility
50144797,KONOHA YAKITORI RAMEN AND SUSHI,Brooklyn,japanese,8,33.75,13.424391446701996,29,0.875,2024-12-19,2025-03-20,High Score Volatility
50088224,THE FIVE LAMPS,Manhattan,irish,8,33.75,13.424391446701996,29,0.875,2022-04-06,2022-11-17,High Score Volatility
41314327,WEATHER UP,Brooklyn,american,8,33.5,18.890662848538238,41,0.875,2022-12-11,2025-04-17,High Score Volatility
50131016,VIA TOSCANA,Manhattan,italian,8,33.25,12.498571346929447,27,0.875,2025-03-27,2025-05-07,High Score Volatility
50148823,THE BELL HOUSE,Brooklyn,pizza,8,32.375,10.253048327204938,29,0.875,2025-01-30,2025-03-26,High Score Volatility
50146870,DAR525,Brooklyn,mediterranean,8,32.25,12.498571346929445,27,0.875,2024-08-14,2024-12-04,High Score Volatility
50091205,HIGH BAR,Manhattan,american,8,30.0,8.28078671210825,16,0.875,2022-10-20,2023-01-28,Frequent Critical Violations
50090243,ONE ELLEVEN,Brooklyn,eastern european,8,29.75,7.869470848066688,17,0.875,2023-04-26,2025-07-02,Frequent Critical Violations
50099398,LECHONERA POLLO SABROSO DEL VALLE RESTAURANT,Bronx,spanish,16,29.4375,8.793700396685496,19,0.875,2022-11-02,2025-01-27,Frequent Critical Violations
50137192,KIJITORA COFFEE,Brooklyn,coffee/tea,8,29.125,11.679499744668616,35,0.875,2023-08-11,2024-11-15,High Score Volatility
41305003,HOTEL DELMANO,Brooklyn,american,8,28.0,7.406560798180411,16,0.875,2022-11-14,2023-12-20,Frequent Critical Violations
50165227,BANGKOK BAR,Brooklyn,thai,8,27.75,3.1052950170405937,6,0.875,2025-04-29,2025-06-05,Frequent Critical Violations
50163237,DELI CASTILLO DE HIERRO,Bronx,spanish,8,27.625,4.65794252556089,9,0.875,2025-05-28,2025-10-10,Frequent Critical Violations
50153003,ZOARES KOSHER GRILL,Brooklyn,jewish/kosher,8,27.625,12.938729237669142,25,0.875,2025-03-04,2025-04-28,High Score Volatility
50153854,LA BAKER EXPRESS CAFE,Manhattan,bakery products/desserts,8,27.0,4.2761798705987895,8,0.875,2024-09-10,2024-09-24,Frequent Critical Violations
50098128,TAKAHACHI,Manhattan,japanese,16,25.875,8.845903006477066,22,0.875,2022-10-11,2025-08-05,Frequent Critical Violations
50154607,YAHO SUSHI,Staten Island,japanese,8,25.5,2.0701966780270626,4,0.875,2024-07-25,2025-03-20,Frequent Critical Violations
50049489,CIRCULO ESPANOL,Queens,spanish,8,25.0,2.1380899352993943,4,0.875,2023-02-10,2024-01-26,Frequent Critical Violations
50151068,DRAGON KING,Queens,chinese,8,24.375,3.6228441865473595,7,0.875,2025-01-27,2025-04-08,Frequent Critical Violations
50126243,TAIWAN STATION,Brooklyn,asian/asian fusion,8,23.875,12.96630247988994,31,0.875,2023-12-26,2025-11-18,High Score Volatility
50053142,GOLDIE'S,Brooklyn,american,8,23.0,11.250396818398388,26,0.875,2022-12-09,2025-08-13,High Score Volatility
50127383,OTANI SUSHI,Brooklyn,asian/asian fusion,8,21.75,10.23648935356816,24,0.875,2022-09-21,2025-04-30,High Score Volatility
40369608,THE RIVER CAFE,Brooklyn,american,8,21.5,8.34950811211569,19,0.875,2021-07-22,2023-12-28,Frequent Critical Violations
50148475,MAKAN HOUSE,Brooklyn,southeast asian,8,21.375,8.262436513696015,23,0.875,2024-04-29,2025-01-30,Frequent Critical Violations
50011738,GRANDMA'S DIM SUM,Queens,chinese,8,21.0,6.80336051416609,15,0.875,2023-03-08,2025-11-18,Frequent Critical Violations
41519679,RIVERDALE SECOND HELPING,Bronx,jewish/kosher,8,20.75,6.943650748294136,15,0.875,2023-04-24,2025-02-21,Frequent Critical Violations
50071252,THE QUEENSBORO,Queens,american,8,20.5,9.118270512704543,18,0.875,2022-12-11,2025-03-27,Frequent Critical Violations
50143448,GEMINA COFFEE SHOP,Manhattan,coffee/tea,8,20.25,9.361776388210581,20,0.875,2024-02-28,2025-01-03,Frequent Critical Violations
50113612,ELLA'S CAFE,Manhattan,coffee/tea,8,19.625,10.112757148416902,21,0.875,2022-03-18,2025-01-28,High Score Volatility
41118839,NOBU FIFTY SEVEN,Manhattan,japanese,8,19.5,8.017837257372731,15,0.875,2023-01-30,2025-08-06,Frequent Critical Violations
50073839,GOPCHANG STORY NY,Manhattan,korean,8,19.25,8.362330502232703,17,0.875,2022-12-27,2025-09-02,Frequent Critical Violations
50124079,KAIZEN,Queens,japanese,8,19.0,9.739463170891035,20,0.875,2023-06-06,2025-11-19,Frequent Critical Violations
40380464,GEIDO,Brooklyn,japanese,8,19.0,8.58570240075241,17,0.875,2023-01-25,2025-01-23,Frequent Critical Violations
50131116,NAPA IN THE HEIGHTS,Manhattan,latin american,8,19.0,4.140393356054125,10,0.875,2023-07-13,2025-08-29,Frequent Critical Violations
40383737,CANLON'S RESTAURANT,Staten Island,italian,8,19.0,8.58570240075241,17,0.875,2022-02-17,2024-03-18,Frequent Critical Violations
41142210,BARBOUNIA,Manhattan,mediterranean,8,18.75,6.692212958783834,13,0.875,2022-12-27,2025-04-01,Frequent Critical Violations
50041043,BRAVO PIZZA,Manhattan,pizza,8,18.5,8.053393251117374,16,0.875,2023-05-23,2025-06-09,Frequent Critical Violations
50108556,RUSTICO,Queens,italian,8,18.5,8.053393251117374,16,0.875,2022-10-19,2025-03-06,Frequent Critical Violations
50113677,KETTL TEA,Brooklyn,coffee/tea,8,18.25,6.158617655657106,12,0.875,2023-07-20,2025-01-09,Frequent Critical Violations
50090415,CHICKENOW,Bronx,chicken,8,18.0,3.8172540616821102,9,0.875,2023-11-14,2025-11-06,Frequent Critical Violations
41556209,NEW EMPIRE KITCHEN,Queens,chinese,8,18.0,6.4142698058981855,12,0.875,2023-05-11,2025-07-02,Frequent Critical Violations
50104958,ONE MORE CHARM,Brooklyn,thai,8,17.625,9.00694176732591,19,0.875,2022-10-03,2024-08-29,Frequent Critical Violations
50130335,U-ME SUSHI,Queens,japanese,8,17.25,4.949747468305833,14,0.875,2023-04-17,2024-12-16,Frequent Critical Violations
50097837,DOUZO,Manhattan,japanese,8,17.0,5.3452248382484875,10,0.875,2022-12-06,2024-12-17,Frequent Critical Violations
50005984,LA NONNA RISTORANTE & BAR,Brooklyn,italian,8,17.0,5.345224838248488,10,0.875,2023-04-04,2025-07-22,Frequent Critical Violations
41019523,GRILL POINT,Queens,jewish/kosher,8,16.75,7.977647343851265,17,0.875,2023-05-09,2025-05-29,Frequent Critical Violations
50079461,TEPPEN RAMEN,Manhattan,japanese,8,16.5,5.9281411203561225,12,0.875,2022-11-15,2025-04-09,Frequent Critical Violations
41499185,BAR MERCER,Manhattan,mexican,8,16.125,2.9001231500945415,7,0.875,2023-01-24,2025-04-22,Frequent Critical Violations
41339476,LANG QI SEAFOOD RESTAURANT,Brooklyn,chinese,8,15.25,6.4309519401985,14,0.875,2023-05-23,2025-08-19,Frequent Critical Violations
50009989,JUST SALAD,Manhattan,salads,8,14.5,4.810702354423639,12,0.875,2023-03-31,2025-04-21,Frequent Critical Violations
41694393,WANG VILLAGE SEAFOOD RESTAURANT,Brooklyn,chinese,8,14.125,3.226563851175781,8,0.875,2022-04-26,2024-04-18,Frequent Critical Violations
41204031,A LA TURKA,Manhattan,turkish,8,13.625,2.825268634509444,6,0.875,2023-03-20,2025-09-02,Frequent Critical Violations
40559439,MANHATTAN PENTHOUSE,Manhattan,american,8,13.0,5.424810727442149,14,0.875,2016-06-04,2019-02-23,Frequent Critical Violations
50123869,OM WOK RESTAURANT,Queens,chinese,15,42.86666666666667,27.585883208281594,59,0.8666666666666667,2023-03-20,2025-08-11,High Score Volatility
50007468,TRIPLE 8 RESTAURANT,Bronx,chinese,15,28.933333333333334,13.295899833443105,34,0.8666666666666667,2023-12-13,2025-11-13,High Score Volatility
50058785,AMAZE FUSION & LOUNGE,Manhattan,asian/asian fusion,15,23.266666666666666,7.648217968601449,20,0.8666666666666667,2022-07-27,2025-07-24,Frequent Critical Violations
50050386,PANDA EXPRESS,Manhattan,chinese,15,15.733333333333333,14.154588688915721,34,0.8666666666666667,2022-07-20,2024-11-13,High Score Volatility
50085693,JOE'S PIZZA OF PARK SLOPE,Manhattan,pizza,22,33.27272727272727,6.489418626699477,18,0.8636363636363636,2023-01-24,2025-10-08,Frequent Critical Violations
50149918,Bilin,Queens,other,7,129.0,0.0,0,0.8571428571428571,2025-01-16,2025-01-16,Frequent Critical Violations
50170071,TROPICALFETE,Brooklyn,caribbean,7,127.0,0.0,0,0.8571428571428571,2025-05-27,2025-05-27,Frequent Critical Violations
50171158,SUI YOGA,Manhattan,coffee/tea,7,74.28571428571429,28.34733547569204,75,0.8571428571428571,2025-07-07,2025-08-20,High Score Volatility
50163141,JUNCTION JUICE,Brooklyn,"juice, smoothies, fruit salads",7,70.14285714285714,28.72529994870127,76,0.8571428571428571,2025-07-30,2025-10-16,High Score Volatility
50172244,COZY TEA HOUSE,Queens,coffee/tea,7,62.714285714285715,1.6035674514745462,3,0.8571428571428571,2025-07-18,2025-07-30,Frequent Critical Violations
50151234,RISPOLI BAKERY,Staten Island,coffee/tea,7,52.42857142857143,20.032117069489043,53,0.8571428571428571,2024-08-05,2024-09-09,High Score Volatility
50155171,MOKA & CO,Manhattan,coffee/tea,7,48.57142857142857,17.008401285415225,45,0.8571428571428571,2024-08-05,2024-09-23,High Score Volatility
50171314,COURT SQUARE PIZZERIA,Queens,pizza,14,47.57142857142857,4.108420728104766,8,0.8571428571428571,2025-08-05,2025-10-09,Frequent Critical Violations
50132833,JUSTINE'S ON HUDSON,Manhattan,new american,7,46.0,0.0,0,0.8571428571428571,2025-04-30,2025-04-30,Frequent Critical Violations
50154575,PHO GA VANG,Manhattan,southeast asian,7,44.0,0.0,0,0.8571428571428571,2025-07-10,2025-07-10,Frequent Critical Violations
50176967,UMI POKE WOK,Brooklyn,japanese,7,43.0,0.0,0,0.8571428571428571,2025-10-21,2025-10-21,Frequent Critical Violations
50149196,THE REP MUSIC CAFE,Brooklyn,coffee/tea,7,42.857142857142854,31.402911602952635,62,0.8571428571428571,2024-08-12,2024-09-23,High Score Volatility
50152999,GNOCCI ON 9TH,Manhattan,italian,7,42.0,20.493901531919196,42,0.8571428571428571,2025-04-07,2025-06-09,High Score Volatility
50165244,EAST HARLEM SAVORY AND SWEETS,Manhattan,american,7,39.0,0.0,0,0.8571428571428571,2025-10-06,2025-10-06,Frequent Critical Violations
50131213,SERAFINA,Manhattan,american,14,36.0,11.415239476580961,22,0.8571428571428571,2023-07-25,2025-01-06,High Score Volatility
50143257,FRAME COFFEE,Manhattan,coffee/tea,7,35.857142857142854,19.0300514224964,39,0.8571428571428571,2024-03-21,2024-08-29,High Score Volatility
50150810,WINGATE BY WYNDHAM LONG ISLAND CITY,Queens,continental,7,35.0,13.228756555322953,35,0.8571428571428571,2024-10-03,2024-12-02,High Score Volatility
50142097,SINGLISH,Manhattan,asian/asian fusion,7,33.714285714285715,14.15055105775373,29,0.8571428571428571,2025-03-18,2025-04-08,High Score Volatility
41569904,SWAGAT,Manhattan,indian,7,32.0,17.07825127659933,35,0.8571428571428571,2022-09-07,2023-04-04,High Score Volatility
50158071,RESTAURANTE & PANADERIA EL QUETZALITO,Brooklyn,latin american,7,31.428571428571427,7.807200583588265,16,0.8571428571428571,2024-09-27,2024-12-02,Frequent Critical Violations
50115710,MARANI CAFE,Brooklyn,eastern european,14,30.142857142857142,3.7796447300922735,8,0.8571428571428571,2023-06-22,2025-03-04,Frequent Critical Violations
50097923,F & F PIZZERIA,Brooklyn,italian,7,29.285714285714285,14.885275562495597,31,0.8571428571428571,2022-08-17,2024-12-23,High Score Volatility
41368926,VINEGAR HILL HOUSE,Brooklyn,new american,7,28.714285714285715,10.734900802433865,22,0.8571428571428571,2024-05-22,2025-10-25,High Score Volatility
50144929,BAR BIRBA,Brooklyn,italian,7,28.571428571428573,12.686700948330932,26,0.8571428571428571,2024-04-30,2024-10-11,High Score Volatility
50128603,THE RIVER,Manhattan,american,7,28.428571428571427,14.638501094227998,30,0.8571428571428571,2023-12-27,2024-11-20,High Score Volatility
50073055,LA LONCHERIA,Brooklyn,mexican,7,28.0,11.224972160321824,21,0.8571428571428571,2022-12-10,2024-01-23,High Score Volatility
50152176,MALA TOWN,Manhattan,chinese,7,27.857142857142858,12.198750911856663,25,0.8571428571428571,2025-01-28,2025-04-16,High Score Volatility
50099483,IXV COFFEE,Brooklyn,coffee/tea,14,27.785714285714285,14.246071368996768,33,0.8571428571428571,2022-03-17,2025-03-11,High Score Volatility
50135850,CAVIAR KASPIA AT THE MARK,Manhattan,french,7,26.428571428571427,11.22285083890813,23,0.8571428571428571,2024-03-20,2024-12-10,High Score Volatility
50104264,WINGATE NEW YORK MIDTOWN SOUTH 5TH AVE,Manhattan,american,7,26.428571428571427,11.22285083890813,23,0.8571428571428571,2024-01-19,2025-08-22,High Score Volatility
50072372,MISSION NYC,Manhattan,korean,7,25.857142857142858,8.315218406203,22,0.8571428571428571,2023-01-22,2023-09-22,Frequent Critical Violations
41100265,ROGNER CAFE & LOUNGE,Queens,american,7,25.714285714285715,7.319250547113999,15,0.8571428571428571,2025-03-19,2025-05-01,Frequent Critical Violations
50159600,WOK FUSION (DEKALB FOOD HALL),Brooklyn,asian/asian fusion,7,25.142857142857142,8.295150620062532,17,0.8571428571428571,2024-10-21,2024-12-06,Frequent Critical Violations
41477055,PAPASITO MEXICAN GRILL,Manhattan,mexican,7,25.0,10.246950765959598,21,0.8571428571428571,2023-08-03,2024-08-29,High Score Volatility
50104490,PHO TOP,Queens,asian/asian fusion,14,24.642857142857142,8.58090135894057,26,0.8571428571428571,2023-01-19,2025-10-02,Frequent Critical Violations
50071777,KATHMANDU FUSION KITCHEN,Queens,asian/asian fusion,14,24.428571428571427,8.527911510169105,19,0.8571428571428571,2022-06-27,2024-12-24,Frequent Critical Violations
41648523,LA VARA,Brooklyn,spanish,7,24.142857142857142,8.295150620062532,17,0.8571428571428571,2023-01-04,2024-04-19,Frequent Critical Violations
50104664,ABE'S CORNER,Brooklyn,jewish/kosher,7,24.142857142857142,15.784259790780723,31,0.8571428571428571,2021-11-05,2024-09-12,High Score Volatility
50099145,MAX BRENNER,Manhattan,coffee/tea,7,24.142857142857142,8.295150620062532,17,0.8571428571428571,2022-11-14,2022-12-19,Frequent Critical Violations
50148867,DAPHNE'S,Brooklyn,italian,7,23.428571428571427,7.807200583588265,16,0.8571428571428571,2025-02-27,2025-07-09,Frequent Critical Violations
50158098,KRAVE PIZZA,Manhattan,pizza,7,23.428571428571427,10.690449676496975,20,0.8571428571428571,2025-02-25,2025-03-25,High Score Volatility
50170088,KANJI SUSHI,Queens,japanese,7,23.428571428571427,7.807200583588265,16,0.8571428571428571,2025-06-09,2025-07-24,Frequent Critical Violations
50005983,SUSHI SEKI,Manhattan,japanese,7,23.428571428571427,3.2071349029490928,6,0.8571428571428571,2023-10-10,2025-06-12,Frequent Critical Violations
50077025,ELITE LOUNGE & CAFE,Queens,fusion,7,23.285714285714285,1.6035674514745464,3,0.8571428571428571,2023-12-13,2025-07-22,Frequent Critical Violations
50011525,CHELA & GARNACHA,Queens,mexican,7,22.857142857142858,12.198750911856663,25,0.8571428571428571,2022-09-07,2025-09-04,High Score Volatility
50131221,TASTE OF NEPAL,Queens,asian/asian fusion,7,22.714285714285715,7.319250547113999,15,0.8571428571428571,2023-03-23,2024-07-22,Frequent Critical Violations
50129498,THE CLOUD HOTEL,Manhattan,american,14,22.642857142857142,6.8231184259798,17,0.8571428571428571,2023-10-05,2025-04-29,Frequent Critical Violations
50127844,ROUND PIE PIZZA COMPANY,Staten Island,pizza,7,22.571428571428573,10.533393610436333,21,0.8571428571428571,2023-08-03,2025-10-15,High Score Volatility
50007909,CLOVER CLUB,Brooklyn,american,7,22.428571428571427,13.289809916588258,28,0.8571428571428571,2022-09-08,2024-08-29,High Score Volatility
50081064,SHOO SHOO NOLITA,Manhattan,mediterranean,7,22.285714285714285,6.343350474165465,13,0.8571428571428571,2023-03-10,2024-10-15,Frequent Critical Violations
50135335,VANITY,Queens,american,7,22.285714285714285,2.1380899352993947,4,0.8571428571428571,2023-09-20,2024-06-28,Frequent Critical Violations
50054369,CHEESEBOAT,Brooklyn,eastern european,7,22.0,6.831300510639732,14,0.8571428571428571,2022-12-14,2023-12-20,Frequent Critical Violations
50162191,YARD & ABROAD,Brooklyn,caribbean,7,21.714285714285715,5.879747322073338,11,0.8571428571428571,2025-04-16,2025-06-09,Frequent Critical Violations
41074315,ROCKWOOD MUSIC HALL,Manhattan,american,7,21.714285714285715,7.782764841072134,22,0.8571428571428571,2022-03-09,2024-11-06,Frequent Critical Violations
50160659,JAEW THAI CUISINE,Brooklyn,thai,7,21.142857142857142,8.55235974119758,16,0.8571428571428571,2025-04-28,2025-06-09,Frequent Critical Violations
50107736,DOMENICO'S PIZZA,Staten Island,pizza,14,20.642857142857142,7.967309582162725,22,0.8571428571428571,2023-02-01,2025-09-24,Frequent Critical Violations
50121988,LN 1380 HK INC,Queens,chinese,7,20.428571428571427,3.2071349029490928,6,0.8571428571428571,2023-03-27,2025-06-18,Frequent Critical Violations
50075544,ZIG ZAG,Brooklyn,american,7,20.142857142857142,10.073539123673987,23,0.8571428571428571,2023-02-24,2025-05-28,High Score Volatility
50127476,OCEANIA FOOD & BEVERANGE LLC,Queens,chinese,7,19.428571428571427,0.5345224838248489,1,0.8571428571428571,2023-07-21,2024-03-07,Frequent Critical Violations
50050247,THE COMMISSARY AT METROGRAPH,Manhattan,new american,7,19.285714285714285,9.82707629823991,22,0.8571428571428571,2022-04-05,2024-03-07,Frequent Critical Violations
50125328,LITTLE NED,Manhattan,american,7,19.142857142857142,7.492853738253346,17,0.8571428571428571,2022-09-29,2025-03-11,Frequent Critical Violations
50109795,Kennedy Fried Chicken and Pizza,Bronx,chicken,7,19.0,10.11599393699568,22,0.8571428571428571,2023-05-04,2025-01-15,High Score Volatility
50100058,BAKED CHEESE HAUS,Manhattan,bagels/pretzels,7,18.714285714285715,10.419761445034554,22,0.8571428571428571,2021-11-24,2023-11-28,High Score Volatility
50032887,PARADA 47 MEXICAN RESTAURANT,Manhattan,mexican,7,18.142857142857142,7.776643908280131,19,0.8571428571428571,2022-12-01,2025-01-07,Frequent Critical Violations
50141018,NERD BE COOL,Brooklyn,coffee/tea,7,17.857142857142858,7.010196655077312,19,0.8571428571428571,2023-09-22,2025-04-24,Frequent Critical Violations
50146152,PRET A MANGER,Manhattan,sandwiches,7,17.857142857142858,8.008923594519874,19,0.8571428571428571,2024-02-28,2025-09-25,Frequent Critical Violations
50099264,MANGIA,Staten Island,italian,7,17.857142857142858,8.706866474772873,18,0.8571428571428571,2022-08-02,2024-06-26,Frequent Critical Violations
50101738,NEW CHINA RESTAURANT,Brooklyn,chinese,7,17.714285714285715,4.956957592256421,14,0.8571428571428571,2022-07-09,2025-01-28,Frequent Critical Violations
41065858,LURE FISHBAR,Manhattan,seafood,7,16.571428571428573,6.996597812678741,14,0.8571428571428571,2022-02-23,2024-03-27,Frequent Critical Violations
50077758,THREE ROOSTERS,Manhattan,thai,7,16.285714285714285,8.340948901139999,22,0.8571428571428571,2023-02-16,2025-10-18,Frequent Critical Violations
50080015,BOTTE BAR,Queens,italian,7,16.142857142857142,7.755182598937123,19,0.8571428571428571,2022-11-03,2024-11-15,Frequent Critical Violations
50109839,TACOMBI,Queens,mexican,7,16.0,5.744562646538029,12,0.8571428571428571,2022-06-08,2024-12-02,Frequent Critical Violations
50050424,TAL KOREAN BISTRO,Manhattan,korean,7,15.714285714285714,5.936168397046637,12,0.8571428571428571,2022-10-21,2025-09-16,Frequent Critical Violations
50116168,SAUCE PIZZERIA,Manhattan,pizza,7,15.285714285714286,1.799470821684875,4,0.8571428571428571,2023-07-05,2024-10-30,Frequent Critical Violations
50052709,EL MAGUEY,Queens,mexican,7,15.142857142857142,4.705619740571602,10,0.8571428571428571,2022-05-10,2024-10-13,Frequent Critical Violations
50105420,SANDBAR ROOFTOP,Manhattan,american,7,15.142857142857142,8.375133261199917,17,0.8571428571428571,2022-07-12,2024-12-04,Frequent Critical Violations
50050507,JUST SALAD,Manhattan,salads,7,15.0,7.118052168020875,17,0.8571428571428571,2022-05-09,2024-12-23,Frequent Critical Violations
41678386,CORKY'S DINER,Bronx,american,7,14.857142857142858,2.9680841985233184,6,0.8571428571428571,2022-08-25,2024-11-15,Frequent Critical Violations
50110212,ATTABOY,Manhattan,american,7,14.857142857142858,5.5805785670356025,15,0.8571428571428571,2022-10-20,2024-11-12,Frequent Critical Violations
50120150,YOSUKI SUSHI,Staten Island,japanese,7,14.571428571428571,5.472876844254852,12,0.8571428571428571,2022-06-09,2024-05-02,Frequent Critical Violations
50107048,OCTAVIA COFFEE,Brooklyn,coffee/tea,7,14.428571428571429,5.855400437691199,15,0.8571428571428571,2022-12-22,2025-02-03,Frequent Critical Violations
50129771,LIN'S GOURMET,Manhattan,chinese,7,14.428571428571429,4.353433237386437,9,0.8571428571428571,2023-01-10,2025-07-09,Frequent Critical Violations
41111464,100 FUN,Brooklyn,asian/asian fusion,7,14.285714285714286,5.407226205560041,11,0.8571428571428571,2022-04-19,2024-12-05,Frequent Critical Violations
50077823,PATTIE SHAKE,Bronx,"juice, smoothies, fruit salads",7,13.857142857142858,6.792853387410709,14,0.8571428571428571,2022-06-15,2024-06-26,Frequent Critical Violations
50126856,BRONX WICKED WOLF,Bronx,american,7,13.857142857142858,3.184785258515422,7,0.8571428571428571,2023-02-01,2025-03-05,Frequent Critical Violations
50139333,L'AVION CAFÃ‰,Manhattan,coffee/tea,7,13.0,5.0990195135927845,13,0.8571428571428571,2023-11-21,2025-06-04,Frequent Critical Violations
50062530,MARKET CRATES,Manhattan,american,7,12.714285714285714,0.4879500364742669,1,0.8571428571428571,2022-05-17,2024-10-18,Frequent Critical Violations
41468117,MILA'S BISTRO,Manhattan,french,7,12.571428571428571,0.5345224838248493,1,0.8571428571428571,2022-05-10,2024-12-03,Frequent Critical Violations
40390536,TASTE OF INDIA II RESTAURANT,Staten Island,indian,7,12.571428571428571,0.5345224838248487,1,0.8571428571428571,2022-01-03,2024-10-05,Frequent Critical Violations
41009267,UNDERGROUND PIZZA,Manhattan,pizza,7,12.428571428571429,0.5345224838248487,1,0.8571428571428571,2023-01-25,2025-07-17,Frequent Critical Violations
41129994,CANAL BAR,Brooklyn,american,7,12.428571428571429,0.5345224838248487,1,0.8571428571428571,2022-03-28,2024-10-26,Frequent Critical Violations
50011906,BROADWAY JOE'S PIZZA,Bronx,pizza,7,12.428571428571429,0.5345224838248493,1,0.8571428571428571,2022-10-26,2025-06-05,Frequent Critical Violations
50037830,CONSTANTINE RESTAURANT & BAR,Brooklyn,american,7,12.428571428571429,0.5345224838248487,1,0.8571428571428571,2022-06-15,2024-11-18,Frequent Critical Violations
41514283,HONG KONG KITCHEN,Queens,chinese,7,12.0,0.0,0,0.8571428571428571,2022-07-11,2025-06-10,Frequent Critical Violations
41435084,DUNKIN,Queens,donuts,7,10.857142857142858,3.670993118515816,8,0.8571428571428571,2022-10-21,2025-09-29,Frequent Critical Violations
50107116,HAPPY GARDEN,Brooklyn,chinese,7,10.428571428571429,2.63673679998231,6,0.8571428571428571,2022-10-27,2025-07-02,Frequent Critical Violations
50088759,BLEECKER STREET PIZZA,Manhattan,pizza,7,7.857142857142857,5.669467095138408,12,0.8571428571428571,2022-09-27,2025-09-17,Frequent Critical Violations
50078675,New Wah On,Brooklyn,chinese,7,4.857142857142857,6.09449400220044,12,0.8571428571428571,2022-07-12,2024-10-01,Frequent Critical Violations
41386105,GRACIE MEWS,Manhattan,american,13,47.0,24.986663109213552,53,0.8461538461538461,2022-12-28,2025-10-02,High Score Volatility
50071605,BAAR BAAR,Manhattan,indian,26,44.84615384615385,15.815668958832712,39,0.8461538461538461,2022-06-07,2025-02-18,High Score Volatility
50161081,TAMARIND ISLAND,Bronx,caribbean,13,43.46153846153846,16.008411250627926,33,0.8461538461538461,2025-02-26,2025-06-10,High Score Volatility
50118422,MAKAYA BISTRO,Queens,creole,13,43.30769230769231,19.76269471919512,48,0.8461538461538461,2023-04-05,2024-04-26,High Score Volatility
50122179,MSMA PUEBLA,Bronx,mexican,13,41.84615384615385,22.165461698500494,49,0.8461538461538461,2022-05-20,2024-08-13,High Score Volatility
50157147,CPZ,Brooklyn,chinese,13,39.92307692307692,11.048842612551013,23,0.8461538461538461,2025-01-16,2025-07-08,High Score Volatility
50108759,EL SABOR DEL RANCHO CORP,Queens,latin american,13,36.92307692307692,17.29384061094941,36,0.8461538461538461,2023-08-09,2024-12-24,High Score Volatility
50060674,MIMMOS BRICK OVEN PIZZA,Staten Island,pizza,13,36.61538461538461,14.500221041639684,32,0.8461538461538461,2023-05-01,2025-07-30,High Score Volatility
50061072,YUMMY YUMMY,Queens,chinese,13,34.92307692307692,19.889115693688424,42,0.8461538461538461,2023-01-13,2025-02-26,High Score Volatility
50120374,TAKAHACHI S. A.,Brooklyn,bakery products/desserts,13,32.0,6.324555320336759,16,0.8461538461538461,2024-03-08,2025-11-12,Frequent Critical Violations
50004057,UNITED MINERS S.C. RUDAR,Queens,eastern european,13,30.153846153846153,11.119398618676536,28,0.8461538461538461,2022-11-02,2025-05-23,High Score Volatility
50001394,EL FOGON COSTENO,Queens,latin american,13,21.615384615384617,6.144624500847083,16,0.8461538461538461,2022-03-15,2024-11-25,Frequent Critical Violations
41265961,EL SAZON IDEAL RESTAURANT,Bronx,latin american,13,20.846153846153847,5.0140827317691565,14,0.8461538461538461,2023-06-13,2025-08-11,Frequent Critical Violations
50066921,HAN DYNASTY,Brooklyn,chinese,13,20.846153846153847,3.647970985039808,14,0.8461538461538461,2022-04-14,2024-12-19,Frequent Critical Violations
50105978,NEW SUSHI VILLAGE,Queens,japanese,13,20.0,4.932882862316247,11,0.8461538461538461,2023-02-03,2025-09-08,Frequent Critical Violations
50086078,ZHANG FEI BEEF NOODLE,Queens,chinese,13,18.53846153846154,3.0445411426405076,9,0.8461538461538461,2022-04-06,2025-02-10,Frequent Critical Violations
50140838,NARESH ESSEQUIBO CUISINE,Queens,caribbean,19,36.578947368421055,12.437915998508947,37,0.8421052631578947,2023-09-07,2025-11-07,High Score Volatility
50120024,SIX HAPPINESS,Manhattan,chinese,19,34.21052631578947,7.750117901385763,22,0.8421052631578947,2023-11-01,2025-09-11,Frequent Critical Violations
50105185,SALENTO COLOMBIAN CAFE & RESTAURANT,Manhattan,bakery products/desserts,19,29.526315789473685,9.97980416782164,38,0.8421052631578947,2021-09-08,2023-08-29,Frequent Critical Violations
50001362,TONE AUTHENTIC GEORGIAN BAKERY & CUISINE,Brooklyn,eastern european,19,28.842105263157894,2.1151085576221185,5,0.8421052631578947,2021-08-11,2024-05-02,Frequent Critical Violations
50076778,PROSPECT PARK WILDLIFE CENTER,Brooklyn,frozen desserts,6,117.0,56.3382640840131,138,0.8333333333333334,2018-05-15,2019-05-04,High Score Volatility
50147874,SZECHUAN OPERA,Queens,chinese,18,70.16666666666667,35.12875477105196,96,0.8333333333333334,2024-04-01,2025-03-06,High Score Volatility
50160583,LE CAFE,Manhattan,american,6,61.666666666666664,27.760883751542686,68,0.8333333333333334,2024-11-19,2025-01-28,High Score Volatility
50107617,KYURAMEN,Manhattan,asian/asian fusion,12,51.0,17.725174701023914,36,0.8333333333333334,2024-04-29,2025-01-22,High Score Volatility
50154919,PIZZA EXPRESS NYC,Brooklyn,pizza,6,50.0,22.045407685048602,54,0.8333333333333334,2024-08-20,2024-12-26,High Score Volatility
50139786,SHANGHAI YOU GARDEN,Queens,chinese,12,47.166666666666664,25.95742434811048,56,0.8333333333333334,2023-08-24,2024-07-24,High Score Volatility
50165345,POSH PIZZA,Queens,other,6,47.0,0.0,0,0.8333333333333334,2025-07-03,2025-07-03,Frequent Critical Violations
50153433,CHUN HONG KONG CAFE,Brooklyn,chinese,12,43.666666666666664,13.786246989685264,28,0.8333333333333334,2025-07-30,2025-11-08,High Score Volatility
50155654,WONDER,Manhattan,other,6,43.333333333333336,16.329931618554518,40,0.8333333333333334,2025-03-25,2025-06-30,High Score Volatility
50165965,HUNAN NOODLE,Queens,other,6,41.0,0.0,0,0.8333333333333334,2025-10-23,2025-10-23,Frequent Critical Violations
41145879,DOUGLASTON MANOR,Queens,american,12,39.5,0.5222329678670913,1,0.8333333333333334,2020-02-15,2022-12-03,Frequent Critical Violations
50134722,THE RED PAVILION,Brooklyn,asian/asian fusion,6,39.0,0.0,0,0.8333333333333334,2024-03-21,2024-03-21,Frequent Critical Violations
50162075,NANSHAN HOTPOT/TEA PULSE,Queens,chinese,6,39.0,0.0,0,0.8333333333333334,2025-10-09,2025-10-09,Frequent Critical Violations
50108152,CITRICO,Queens,latin american,12,38.833333333333336,19.450792614526875,40,0.8333333333333334,2022-11-16,2025-10-20,High Score Volatility
50174959,THE C CAFE & WINE,Manhattan,french,6,38.0,0.0,0,0.8333333333333334,2025-10-20,2025-10-20,Frequent Critical Violations
50171049,KITCHEN 79,Queens,thai,6,38.0,0.0,0,0.8333333333333334,2025-07-23,2025-07-23,Frequent Critical Violations
50104266,THE CUBAN,Queens,latin american,6,38.0,0.0,0,0.8333333333333334,2025-03-05,2025-03-05,Frequent Critical Violations
41461860,LEX RESTAURANT,Manhattan,italian,12,37.5,18.46618531261939,38,0.8333333333333334,2023-04-25,2025-07-10,High Score Volatility
50172605,SANDWICH CITY,Staten Island,sandwiches,6,37.0,0.0,0,0.8333333333333334,2025-09-05,2025-09-05,Frequent Critical Violations
41183237,809 GRILL & BAR RESTAURANT,Manhattan,latin american,6,37.0,0.0,0,0.8333333333333334,2025-07-07,2025-07-07,Frequent Critical Violations
50055296,SAPPHIRE 39,Manhattan,american,6,36.333333333333336,18.07392228230128,35,0.8333333333333334,2023-01-28,2025-11-01,High Score Volatility
50161989,GIACOMBO PIZZERIA,Manhattan,pizza,6,35.0,0.0,0,0.8333333333333334,2025-09-23,2025-09-23,Frequent Critical Violations
50150378,UMI TEA,Queens,chinese,6,34.0,0.0,0,0.8333333333333334,2025-05-02,2025-05-02,Frequent Critical Violations
41420036,SPIN NEW YORK,Manhattan,american,6,34.0,18.5903200617956,36,0.8333333333333334,2023-03-09,2024-10-03,High Score Volatility
50144179,STARBUCKS,Queens,coffee/tea,6,33.166666666666664,27.264751358973854,53,0.8333333333333334,2024-01-24,2025-07-31,High Score Volatility
50163159,VFC KITCHEN CHINESE FOOD,Manhattan,chinese,6,33.0,17.041126723312633,33,0.8333333333333334,2025-03-03,2025-04-11,High Score Volatility
50125566,CASA MARGARITAS,Queens,latin american,12,33.0,18.53743141959974,36,0.8333333333333334,2023-07-27,2025-06-30,High Score Volatility
41693226,TOM'S RESTAURANT,Brooklyn,american,6,33.0,0.0,0,0.8333333333333334,2022-07-12,2022-07-12,Frequent Critical Violations
50118581,MASTER HUANG,Queens,chinese,12,32.25,6.703120033373875,17,0.8333333333333334,2023-07-12,2025-01-14,Frequent Critical Violations
50109964,THE BLEND FACTORY,Brooklyn,"juice, smoothies, fruit salads",18,32.111111111111114,8.96981138819927,21,0.8333333333333334,2023-05-23,2025-01-15,Frequent Critical Violations
50169878,WAN DA,Brooklyn,chinese,6,32.0,0.0,0,0.8333333333333334,2025-08-14,2025-08-14,Frequent Critical Violations
50143817,KONBAN NYC,Manhattan,japanese,6,32.0,0.0,0,0.8333333333333334,2025-04-01,2025-04-01,Frequent Critical Violations
40950399,POLLOS A LA BRASA MARIO,Queens,latin american,12,30.916666666666668,12.738333937966594,29,0.8333333333333334,2023-01-04,2025-10-17,High Score Volatility
50118808,THE NAKED PIG,Manhattan,american,6,30.833333333333332,12.655697004379753,31,0.8333333333333334,2023-07-07,2025-09-10,High Score Volatility
41316656,I SODI,Manhattan,italian,6,30.0,0.0,0,0.8333333333333334,2023-05-05,2023-05-05,Frequent Critical Violations
40845101,AZALEA,Manhattan,italian,12,29.5,11.965860528261986,27,0.8333333333333334,2022-03-09,2024-10-28,High Score Volatility
50168690,DUNKIN',Brooklyn,coffee/tea,6,29.166666666666668,11.839200423452029,29,0.8333333333333334,2025-07-30,2025-09-05,High Score Volatility
50143698,MING WEI XUAN,Queens,chinese,12,28.583333333333332,3.117642854737688,7,0.8333333333333334,2024-03-27,2025-08-19,Frequent Critical Violations
41195033,SARKU JAPAN,Queens,japanese,12,28.0,8.157539736063475,22,0.8333333333333334,2022-11-03,2024-12-26,Frequent Critical Violations
50144656,TEX*S CHICKEN & BURGERS,Queens,american,6,27.833333333333332,10.206207261596575,25,0.8333333333333334,2024-04-30,2024-12-12,High Score Volatility
50138795,CAULDRON CHICKEN,Manhattan,chicken,6,27.833333333333332,10.206207261596575,25,0.8333333333333334,2024-03-06,2024-04-23,High Score Volatility
50004269,PERGOLA 36,Manhattan,mediterranean,12,27.833333333333332,12.164279549965013,29,0.8333333333333334,2022-01-24,2024-10-16,High Score Volatility
41071232,CAPRI SOCIAL CLUB,Brooklyn,american,6,27.5,11.022703842524301,27,0.8333333333333334,2022-11-28,2024-09-13,High Score Volatility
41086673,AMORINA,Brooklyn,italian,6,27.5,11.022703842524301,27,0.8333333333333334,2022-11-18,2023-09-22,High Score Volatility
50131410,BLAZE BAR AND GRILL,Staten Island,caribbean,6,27.333333333333332,11.877148928369412,23,0.8333333333333334,2023-08-10,2023-09-21,High Score Volatility
50090939,OLMSTED,Brooklyn,american,6,27.0,15.336231610144651,28,0.8333333333333334,2023-03-30,2024-03-08,High Score Volatility
50104578,KUUN,Brooklyn,korean,6,27.0,9.797958971132712,24,0.8333333333333334,2024-02-07,2024-11-14,Frequent Critical Violations
50002529,LE GRAND COMPTOIR,Queens,salads,6,26.833333333333332,21.04677330772265,41,0.8333333333333334,2024-02-07,2025-05-28,High Score Volatility
50078656,BARNEA BISTRO,Manhattan,jewish/kosher,12,26.666666666666668,9.078779787187397,24,0.8333333333333334,2022-06-13,2024-12-04,Frequent Critical Violations
50112434,BK SOHO CATERING,Brooklyn,other,6,26.666666666666668,8.164965809277259,20,0.8333333333333334,2021-08-12,2023-05-30,Frequent Critical Violations
50108497,DHAMAKA,Manhattan,indian,18,26.5,13.647882835163589,36,0.8333333333333334,2022-10-13,2025-04-15,High Score Volatility
50122974,SENSHI RAMEN,Manhattan,japanese,18,26.333333333333332,9.988228365548764,26,0.8333333333333334,2023-04-26,2025-05-06,Frequent Critical Violations
50164499,TAIWANESE YUMMY,Manhattan,chinese,6,26.166666666666668,9.389710680668848,23,0.8333333333333334,2025-03-05,2025-04-01,Frequent Critical Violations
50160082,GIGI'S BAKERY 86,Brooklyn,bakery products/desserts,6,26.166666666666668,11.839200423452029,29,0.8333333333333334,2025-04-22,2025-08-15,High Score Volatility
50168566,SAMSAEN RESTAURANT,Manhattan,other,6,26.0,0.0,0,0.8333333333333334,2025-08-28,2025-08-28,Frequent Critical Violations
41198981,ATHEN'S BAR & GRILL,Queens,mexican,12,25.916666666666668,16.008283840410613,35,0.8333333333333334,2022-06-02,2025-05-28,High Score Volatility
50131738,XING FU TANG (EDGE building),Manhattan,coffee/tea,12,25.833333333333332,6.3365223231292385,17,0.8333333333333334,2023-11-01,2025-08-01,Frequent Critical Violations
50130835,OUTER HEAVEN,Manhattan,bottled beverages,6,25.333333333333332,10.327955589886445,20,0.8333333333333334,2023-09-26,2023-10-17,High Score Volatility
50092852,COUNTRY LIFE JERK JAMAICAN & AMERICAN DISHES,Queens,caribbean,6,25.333333333333332,10.327955589886445,20,0.8333333333333334,2022-07-21,2022-11-29,High Score Volatility
50159093,EQUIS PICA POLLO RESTAURANT,Bronx,spanish,6,25.333333333333332,10.327955589886445,20,0.8333333333333334,2024-10-21,2024-12-03,High Score Volatility
41231878,IL BRIGANTE,Manhattan,italian,6,25.166666666666668,16.351350606805134,33,0.8333333333333334,2022-09-15,2025-07-16,High Score Volatility
50130852,ANNIE'S SOCIAL,Queens,coffee/tea,6,25.166666666666668,19.75263695476294,41,0.8333333333333334,2023-09-05,2025-01-27,High Score Volatility
50126226,SAMARKAND CITY,Brooklyn,eastern european,12,24.75,20.2624821238214,41,0.8333333333333334,2022-09-01,2025-04-17,High Score Volatility
50001312,MEW,Manhattan,japanese,12,24.666666666666668,12.100588515615362,28,0.8333333333333334,2023-05-31,2025-04-14,High Score Volatility
50166360,POULETTE,Brooklyn,chicken,6,24.666666666666668,11.36075114887509,22,0.8333333333333334,2025-04-10,2025-07-28,High Score Volatility
50073182,MOJITOS,Queens,latin american,12,24.583333333333332,6.960385743403141,19,0.8333333333333334,2023-01-20,2025-10-18,Frequent Critical Violations
50131916,Zheng Gongfu Wanwan Cai #4,Queens,chinese,6,24.333333333333332,11.877148928369412,23,0.8333333333333334,2024-03-14,2024-09-25,High Score Volatility
50145720,Oriental Restaurant,Manhattan,chinese,6,24.333333333333332,7.229568912920511,14,0.8333333333333334,2025-02-27,2025-05-20,Frequent Critical Violations
50163615,CLASSIC BROOKLYN DELI & CAFE,Brooklyn,sandwiches/salads/mixed buffet,6,24.0,9.2951600308978,18,0.8333333333333334,2025-02-05,2025-04-15,Frequent Critical Violations
50061440,ARCADIA,Queens,american,6,24.0,10.844353369380768,21,0.8333333333333334,2022-11-03,2024-09-28,High Score Volatility
50150994,PARIS BAGUETTE,Brooklyn,bakery products/desserts,6,23.666666666666668,8.262364471909157,16,0.8333333333333334,2024-06-20,2024-07-25,Frequent Critical Violations
50054116,ALLORA,Manhattan,italian,12,23.416666666666668,10.457344816255251,27,0.8333333333333334,2022-07-28,2024-11-29,High Score Volatility
41682198,THE MARK RESTAURANT,Manhattan,american,6,23.166666666666668,13.717385562368168,28,0.8333333333333334,2022-12-20,2025-01-24,High Score Volatility
50103813,TRADISYON NYC,Manhattan,filipino,6,23.0,6.196773353931867,12,0.8333333333333334,2024-05-28,2025-01-29,Frequent Critical Violations
50088405,ORGANIC LOVE,Brooklyn,vegetarian,12,23.0,11.119188982851385,26,0.8333333333333334,2023-01-11,2025-11-05,High Score Volatility
50154926,COFFEE CHECK,Brooklyn,coffee/tea,6,22.666666666666668,13.822686666009133,30,0.8333333333333334,2024-07-31,2025-09-08,High Score Volatility
50077419,CHINA BAR,Queens,bottled beverages,6,22.666666666666668,5.163977794943223,10,0.8333333333333334,2023-03-08,2025-02-07,Frequent Critical Violations
50165618,JUICES FOR LIFE,Bronx,"juice, smoothies, fruit salads",6,22.666666666666668,8.262364471909155,16,0.8333333333333334,2025-03-25,2025-06-02,Frequent Critical Violations
50125248,THREE DECKER DINER,Brooklyn,american,12,22.583333333333332,9.090037837038297,25,0.8333333333333334,2022-08-08,2025-03-19,Frequent Critical Violations
50161180,BAGEL CAFE,Queens,bagels/pretzels,6,22.333333333333332,11.877148928369412,23,0.8333333333333334,2025-05-05,2025-06-20,High Score Volatility
50128766,JEONG YOOK,Queens,korean,6,22.333333333333332,7.229568912920511,14,0.8333333333333334,2023-06-15,2024-02-28,Frequent Critical Violations
50130656,TREASURE CLUB,Manhattan,american,6,22.0,7.745966692414834,15,0.8333333333333334,2023-08-23,2024-10-09,Frequent Critical Violations
50009155,SECRETS,Queens,american,12,21.75,13.857226536097594,36,0.8333333333333334,2016-12-04,2019-08-10,High Score Volatility
50103933,CUTE CAT CAFE,Queens,coffee/tea,12,21.5,6.667424199385056,18,0.8333333333333334,2022-08-01,2025-07-14,Frequent Critical Violations
41701557,STUDIO 9C,Manhattan,american,6,21.5,11.827933040053956,26,0.8333333333333334,2022-06-14,2024-06-24,High Score Volatility
50036313,NYC HANDCRAFTED,Manhattan,american,6,21.333333333333332,8.778762251403478,17,0.8333333333333334,2022-10-26,2024-06-27,Frequent Critical Violations
50078096,PARADISE SWEETS AND BAKERY,Brooklyn,middle eastern,6,21.333333333333332,8.778762251403478,17,0.8333333333333334,2022-10-26,2025-08-18,Frequent Critical Violations
50116616,MARIAN'S,Manhattan,other,6,21.166666666666668,6.940220937885671,17,0.8333333333333334,2022-05-04,2023-11-29,Frequent Critical Violations
50154042,WINGSTOP,Manhattan,chicken,6,21.0,6.196773353931867,12,0.8333333333333334,2025-02-19,2025-11-03,Frequent Critical Violations
50127055,FANSWAY TERIYAKI KITCHEN,Brooklyn,japanese,12,20.583333333333332,6.30235646164964,14,0.8333333333333334,2023-05-01,2025-08-20,Frequent Critical Violations
50094640,MONTESACRO,Brooklyn,italian,6,20.333333333333332,10.327955589886445,20,0.8333333333333334,2022-04-26,2025-02-18,High Score Volatility
50091243,CLAUDIO'S PIZZA & PASTA,Manhattan,pizza,12,20.25,6.180982563844154,15,0.8333333333333334,2022-04-18,2024-12-18,Frequent Critical Violations
50047483,LOVE & DOUGH,Brooklyn,italian,6,20.166666666666668,10.628577828979127,22,0.8333333333333334,2023-10-02,2025-07-10,High Score Volatility
50077783,FOOD JUNCTION,Queens,pizza,12,20.166666666666668,4.8398597525385405,11,0.8333333333333334,2022-03-23,2025-02-10,Frequent Critical Violations
50145461,PAN PAN VINO VINO,Brooklyn,bakery products/desserts,6,20.0,6.196773353931867,12,0.8333333333333334,2024-05-01,2025-03-13,Frequent Critical Violations
50115816,TMB GRILLED CHICKEN,Queens,korean,6,20.0,7.745966692414834,15,0.8333333333333334,2023-07-19,2023-09-27,Frequent Critical Violations
50124128,AMORE PIZZA CAFFE,Manhattan,pizza,6,19.666666666666668,5.163977794943223,10,0.8333333333333334,2023-06-01,2024-10-29,Frequent Critical Violations
41372275,WILFIE & NELL,Manhattan,irish,6,19.666666666666668,5.163977794943222,10,0.8333333333333334,2022-10-19,2024-07-25,Frequent Critical Violations
50057641,NORMA,Manhattan,italian,6,19.5,11.726039399558575,25,0.8333333333333334,2022-08-17,2024-05-08,High Score Volatility
50123169,O'SFIZIO,Staten Island,italian,6,19.333333333333332,4.131182235954578,8,0.8333333333333334,2023-06-15,2025-10-07,Frequent Critical Violations
50000161,CHARLIE BIRD,Manhattan,american,6,19.333333333333332,7.229568912920512,14,0.8333333333333334,2023-04-07,2024-03-06,Frequent Critical Violations
50065428,KINGS KTV KARAOKE,Brooklyn,korean,6,19.333333333333332,5.680375574437544,11,0.8333333333333334,2022-11-13,2024-06-23,Frequent Critical Violations
50037823,BAI DAR CAFE,Brooklyn,mediterranean,6,19.166666666666668,11.889771514485325,23,0.8333333333333334,2022-10-13,2024-09-04,High Score Volatility
50008323,VIA CAROTA,Manhattan,italian,6,19.166666666666668,9.042492281814049,18,0.8333333333333334,2023-05-03,2025-10-27,Frequent Critical Violations
50146116,EMPEROR DUMPLING,Manhattan,asian/asian fusion,6,19.0,4.6475800154489,9,0.8333333333333334,2024-05-21,2025-01-14,Frequent Critical Violations
50067248,MUSIC BOX KARAOKE,Queens,korean,6,19.0,4.6475800154489,9,0.8333333333333334,2024-01-24,2025-11-07,Frequent Critical Violations
50059960,CLAY,Manhattan,american,6,19.0,7.745966692414834,15,0.8333333333333334,2023-10-11,2024-11-19,Frequent Critical Violations
50149356,TENTEN,Manhattan,southeast asian,6,19.0,6.572670690061994,12,0.8333333333333334,2024-04-23,2025-08-20,Frequent Critical Violations
50097645,HAVANA TACOS,Manhattan,tex-mex,6,18.666666666666668,5.163977794943222,10,0.8333333333333334,2021-12-09,2023-12-06,Frequent Critical Violations
41676577,THE CUTTING ROOM,Manhattan,american,6,18.666666666666668,6.713171133426189,13,0.8333333333333334,2022-12-07,2023-01-10,Frequent Critical Violations
50134973,PANADERIA TULARCITO,Bronx,bakery products/desserts,6,18.666666666666668,5.163977794943222,10,0.8333333333333334,2024-02-09,2025-03-11,Frequent Critical Violations
50117133,AGATA & VALENTINA,Manhattan,sandwiches/salads/mixed buffet,12,18.583333333333332,6.934214687571575,16,0.8333333333333334,2022-06-14,2025-02-20,Frequent Critical Violations
40401173,BIG BAR,Manhattan,american,6,18.333333333333332,9.83192080250175,22,0.8333333333333334,2023-04-11,2025-09-02,Frequent Critical Violations
50159253,La Churreria Don Julio,Bronx,spanish,6,18.333333333333332,8.778762251403478,17,0.8333333333333334,2025-04-01,2025-06-09,Frequent Critical Violations
50116471,THE DAWSON,Manhattan,american,12,18.25,8.313461154274815,22,0.8333333333333334,2022-04-26,2025-04-15,Frequent Critical Violations
50110947,TWENTY ONE GRAINS,Manhattan,salads,6,18.166666666666668,7.521081482517436,15,0.8333333333333334,2023-03-21,2024-11-25,Frequent Critical Violations
41676490,AOYU SUSHI,Bronx,japanese,6,18.0,4.6475800154489,9,0.8333333333333334,2024-02-05,2025-05-30,Frequent Critical Violations
50032842,RETRO FITNESS,Manhattan,"juice, smoothies, fruit salads",6,18.0,6.196773353931867,12,0.8333333333333334,2023-06-02,2025-09-25,Frequent Critical Violations
41491144,ARTHUR & SONS,Manhattan,italian,6,18.0,6.196773353931867,12,0.8333333333333334,2022-12-29,2025-07-17,Frequent Critical Violations
50124382,VATAN,Manhattan,indian,6,17.666666666666668,3.614784456460256,7,0.8333333333333334,2023-06-14,2025-03-06,Frequent Critical Violations
50099367,BRIGHT SIDE,Brooklyn,coffee/tea,12,17.666666666666668,8.689945426477172,22,0.8333333333333334,2022-01-06,2024-12-06,Frequent Critical Violations
50145816,GLOBAL RELAY BISTRO,Manhattan,american,6,17.5,4.9295030175464944,9,0.8333333333333334,2024-08-13,2025-11-07,Frequent Critical Violations
50147929,SUSHIRO,Manhattan,japanese,6,17.5,4.9295030175464944,9,0.8333333333333334,2024-05-29,2025-09-03,Frequent Critical Violations
50043873,YAYA TEA,Brooklyn,coffee/tea,6,17.333333333333332,8.801515021101007,18,0.8333333333333334,2022-06-21,2024-04-11,Frequent Critical Violations
50138977,SUBWAY #62918,Brooklyn,sandwiches/salads/mixed buffet,6,17.333333333333332,8.778762251403478,20,0.8333333333333334,2023-07-26,2024-10-30,Frequent Critical Violations
50135605,MARUMI,Manhattan,seafood,6,17.333333333333332,4.131182235954578,8,0.8333333333333334,2023-07-05,2024-03-14,Frequent Critical Violations
50084134,GIARDINO 54,Manhattan,italian,6,17.333333333333332,9.136009340333812,21,0.8333333333333334,2022-07-27,2024-12-04,Frequent Critical Violations
50091854,DUNKIN,Queens,donuts,12,17.333333333333332,4.886592665527574,10,0.8333333333333334,2023-05-16,2025-09-17,Frequent Critical Violations
50130853,CARVEL,Staten Island,frozen desserts,6,17.166666666666668,11.889771514485325,23,0.8333333333333334,2023-01-04,2025-09-09,High Score Volatility
50111932,FRESH KITCHEN 725,Manhattan,american,6,17.0,5.477225575051661,10,0.8333333333333334,2023-07-06,2024-11-25,Frequent Critical Violations
50124631,THE PIZZA INN,Brooklyn,pizza,6,17.0,3.9496835316262997,10,0.8333333333333334,2023-11-15,2024-11-14,Frequent Critical Violations
50041760,OC DESSERT,Brooklyn,asian/asian fusion,18,17.0,10.857363995978787,25,0.8333333333333334,2022-03-01,2025-02-05,High Score Volatility
50074510,TACO BELL,Brooklyn,tex-mex,6,17.0,13.281566172707194,27,0.8333333333333334,2022-11-02,2025-03-27,High Score Volatility
50122701,SHMONE,Manhattan,mediterranean,6,16.666666666666668,5.163977794943222,10,0.8333333333333334,2023-06-28,2025-01-15,Frequent Critical Violations
50118012,BLUE RIBBON SUSHI BAR & GRILL,Manhattan,japanese,6,16.5,8.288546314040842,17,0.8333333333333334,2023-07-05,2025-02-05,Frequent Critical Violations
50115373,TROPICAL RESTAURANT #3,Queens,latin american,6,16.5,4.929503017546495,9,0.8333333333333334,2024-04-03,2025-05-15,Frequent Critical Violations
50035433,BAR HUGO / AZUL,Manhattan,american,6,16.0,6.572670690061994,12,0.8333333333333334,2022-07-07,2024-10-24,Frequent Critical Violations
50121191,FAY DA BAKERY,Queens,bakery products/desserts,6,15.666666666666666,9.136009340333812,17,0.8333333333333334,2023-05-26,2024-11-14,Frequent Critical Violations
41704636,SUNNY JOHN PIZZA,Brooklyn,italian,6,15.666666666666666,5.08592829940284,12,0.8333333333333334,2022-06-01,2024-06-13,Frequent Critical Violations
50047736,TALON BAR,Brooklyn,american,6,15.666666666666666,3.265986323710904,8,0.8333333333333334,2022-12-10,2025-06-13,Frequent Critical Violations
50077010,NEW NO.1 CHINESE RESTAURANT,Bronx,chinese,6,15.5,9.311283477587823,17,0.8333333333333334,2022-08-08,2024-10-28,Frequent Critical Violations
50138317,CAFE BUUNNI,Manhattan,coffee/tea,6,15.333333333333334,2.5819888974716116,5,0.8333333333333334,2023-11-27,2025-02-11,Frequent Critical Violations
50125008,PLAYA BOWLS,Manhattan,"juice, smoothies, fruit salads",6,15.166666666666666,4.262237284181474,9,0.8333333333333334,2023-06-16,2025-02-14,Frequent Critical Violations
41570383,KUNG FU TEA,Queens,coffee/tea,12,14.916666666666666,4.737823307909414,15,0.8333333333333334,2023-03-04,2025-10-27,Frequent Critical Violations
50130812,RX30,Manhattan,"juice, smoothies, fruit salads",6,14.833333333333334,6.210206652492868,15,0.8333333333333334,2023-06-30,2025-08-11,Frequent Critical Violations
41693599,ABOVE BALLROOM,Staten Island,american,6,14.666666666666666,3.7237973450050514,8,0.8333333333333334,2016-06-03,2018-10-05,Frequent Critical Violations
50042767,DHAKA SWEETS & RESTAURANT,Queens,bangladeshi,6,14.666666666666666,12.940891262454324,26,0.8333333333333334,2022-09-27,2024-10-22,High Score Volatility
50075683,PRIMO'S BAR,Manhattan,italian,6,14.666666666666666,4.131182235954578,8,0.8333333333333334,2022-06-22,2024-11-21,Frequent Critical Violations
50067070,CARVEL,Queens,frozen desserts,6,14.666666666666666,5.573747990954262,14,0.8333333333333334,2023-02-28,2024-12-19,Frequent Critical Violations
41595904,OSLO COFFEE ROASTERS,Manhattan,coffee/tea,6,14.666666666666666,7.0898989179442236,18,0.8333333333333334,2023-11-28,2025-09-30,Frequent Critical Violations
50155289,DUNKIN DONUTS,Manhattan,donuts,6,14.5,8.28854631404084,17,0.8333333333333334,2024-07-18,2025-02-13,Frequent Critical Violations
50139386,DAVE'S HOT CHICKEN,Brooklyn,chicken,6,14.5,8.288546314040842,17,0.8333333333333334,2023-08-08,2025-01-09,Frequent Critical Violations
40385157,PANGEA,Manhattan,mediterranean,6,14.5,4.929503017546495,9,0.8333333333333334,2022-02-18,2023-12-20,Frequent Critical Violations
50134508,SWEET & SOUR,Bronx,pancakes/waffles,6,14.333333333333334,4.676180777800049,12,0.8333333333333334,2023-11-14,2025-07-22,Frequent Critical Violations
41327489,EUROSTARS HOTEL,Manhattan,american,6,14.333333333333334,2.065591117977289,4,0.8333333333333334,2022-11-15,2025-03-06,Frequent Critical Violations
50034883,VINCENT AND ANDREA PIZZERIA,Queens,pizza,18,14.277777777777779,11.846099162149418,26,0.8333333333333334,2022-08-15,2024-10-22,High Score Volatility
41073631,THE QUAYS IRISH PUB,Queens,irish,6,14.0,2.449489742783178,6,0.8333333333333334,2022-03-25,2024-09-29,Frequent Critical Violations
50128598,VIVI BUBBLE TEA,Brooklyn,coffee/tea,6,13.333333333333334,6.377042156569663,14,0.8333333333333334,2022-10-18,2024-12-12,Frequent Critical Violations
50102435,DIM SUM CHELSEA,Manhattan,chinese,12,13.25,8.593073320466264,21,0.8333333333333334,2022-09-22,2024-08-28,Frequent Critical Violations
41271899,MACRI PARK,Brooklyn,american,6,13.0,3.22490309931942,7,0.8333333333333334,2022-05-13,2025-02-06,Frequent Critical Violations
50077893,CROWN CHICKEN & DELI,Brooklyn,chicken,6,13.0,0.0,0,0.8333333333333334,2022-12-05,2025-04-07,Frequent Critical Violations
50118001,SALMON SUSHI,Staten Island,other,6,12.666666666666666,3.141125063837266,8,0.8333333333333334,2023-04-24,2025-02-03,Frequent Critical Violations
50106618,MALEEN BANQUET HALL,Queens,indian,6,12.5,2.7386127875258306,5,0.8333333333333334,2022-11-04,2025-02-14,Frequent Critical Violations
50105244,OOI SUSHI & LOUNGE,Queens,japanese,6,12.333333333333334,0.5163977794943222,1,0.8333333333333334,2023-02-16,2025-08-28,Frequent Critical Violations
50131080,COFFEE LAND,Brooklyn,coffee/tea,6,12.333333333333334,5.316640543300503,12,0.8333333333333334,2023-07-14,2025-09-25,Frequent Critical Violations
50107236,VILLAGE CAFE & GRILL,Manhattan,american,6,12.333333333333334,0.5163977794943226,1,0.8333333333333334,2022-10-25,2025-03-20,Frequent Critical Violations
50135303,BIRCH COFFEE,Manhattan,coffee/tea,6,12.333333333333334,4.501851470969101,10,0.8333333333333334,2023-05-12,2025-01-28,Frequent Critical Violations
50001012,SUBWAY,Manhattan,sandwiches,6,12.333333333333334,0.5163977794943226,1,0.8333333333333334,2022-08-03,2025-01-06,Frequent Critical Violations
41463780,CHAN'S VILLAGE,Bronx,chinese,6,12.333333333333334,1.0327955589886448,2,0.8333333333333334,2022-05-16,2025-01-07,Frequent Critical Violations
50090708,POPEYES,Manhattan,chicken,6,12.333333333333334,1.0327955589886448,2,0.8333333333333334,2022-08-03,2025-05-29,Frequent Critical Violations
41305781,ST JOHN'S UNIVERSITY MARILLAC HALL,Queens,american,6,12.333333333333334,0.5163977794943222,1,0.8333333333333334,2022-02-22,2024-10-18,Frequent Critical Violations
41573716,ANTON'S,Manhattan,american,6,12.166666666666666,3.5449494589721118,9,0.8333333333333334,2021-08-27,2023-12-07,Frequent Critical Violations
40601254,ALADDIN,Queens,bangladeshi,6,12.0,1.5491933384829666,3,0.8333333333333334,2023-01-19,2025-11-15,Frequent Critical Violations
41056164,CACIO & PEPE,Manhattan,italian,6,12.0,1.5491933384829668,3,0.8333333333333334,2022-04-19,2024-12-10,Frequent Critical Violations
50122278,BROOKLYN ROASTING COMPANY,Manhattan,coffee/tea,6,12.0,3.4641016151377544,8,0.8333333333333334,2022-05-13,2024-04-16,Frequent Critical Violations
50103876,FONTANA PIZZERIA,Queens,pizza,6,12.0,1.5491933384829666,3,0.8333333333333334,2021-09-27,2024-07-09,Frequent Critical Violations
41246322,LA BELLA MARIELLA,Queens,pizza,6,11.833333333333334,1.9407902170679512,5,0.8333333333333334,2022-02-17,2024-07-15,Frequent Critical Violations
